{
	"identifier": {
		"name": "Brock",
		"sprite": 80
	},
	"position": {
		"x": 6,
		"y": 5,
		"direction": "Down"
	},
	"trainer": {
		"party": {
			"pokemon": [
				{
					"pokemon_id": 74,
					"level": 10,
					"ivs": {
						"hp": 15,
						"atk": 15,
						"def": 15,
						"sp_atk": 15,
						"sp_def": 15,
						"speed": 15
					},
					"evs": {
						"hp": 0,
						"atk": 0,
						"def": 0,
						"sp_atk": 0,
						"sp_def": 0,
						"speed": 0
					},
					"exp": 0,
					"friendship": 70
				},
				{
					"pokemon_id": 95,
					"level": 10,
					"ivs": {
						"hp": 15,
						"atk": 15,
						"def": 15,
						"sp_atk": 15,
						"sp_def": 15,
						"speed": 15
					},
					"evs": {
						"hp": 0,
						"atk": 0,
						"def": 0,
						"sp_atk": 0,
						"sp_def": 0,
						"speed": 0
					},
					"exp": 0,
					"friendship": 70
				}
			]
		},
		"trainer_type": "GymLeader",
		"victory_message": [
			"Test"
		],
		"worth": 0
	}
}